instruction,input,output
"Explain the following concept in simple terms","machine learning","Machine learning is a type of artificial intelligence that allows computers to learn from data without being explicitly programmed. Instead of following fixed rules, machine learning algorithms identify patterns in data and use those patterns to make predictions or decisions. For example, a machine learning system can learn to recognize cats in photos by analyzing thousands of cat images, rather than being told exactly what features define a cat."
"Summarize the main points","The Industrial Revolution was a period of major industrialization and innovation during the late 1700s and early 1800s. It began in Great Britain and quickly spread throughout the world. This time period saw the mechanization of agriculture and textile manufacturing and a revolution in power, including steam ships and railroads.","The Industrial Revolution (late 1700s-early 1800s) was a period of major industrialization that started in Great Britain. Key developments included mechanization of agriculture and textiles, and revolutionary power sources like steam engines for ships and railroads."
"Translate the following to French","Hello, how are you today?","Bonjour, comment allez-vous aujourd'hui?"
"Write a professional email","Requesting a meeting with your manager next week","Subject: Meeting Request for Next Week\n\nDear [Manager's Name],\n\nI hope this email finds you well. I would like to request a meeting with you next week to discuss [topic/project]. Would you have 30 minutes available?\n\nI am flexible with timing and can adjust to your schedule. Please let me know what works best for you.\n\nThank you for your time and consideration.\n\nBest regards,\n[Your Name]"
"Answer the question","What is the capital of France?","The capital of France is Paris."
"Provide step-by-step instructions","How to make a cup of tea","1. Boil water in a kettle\n2. Place a tea bag in a cup\n3. Pour the hot water over the tea bag\n4. Let it steep for 3-5 minutes\n5. Remove the tea bag\n6. Add milk, sugar, or lemon if desired\n7. Stir and enjoy your tea"
"Classify the sentiment","I absolutely loved this movie! The acting was superb and the plot kept me engaged throughout.","Positive"
"Generate a creative story opening","A detective in a futuristic city","Detective Sarah Chen stood at the edge of the neon-lit skyway, her augmented reality glasses flickering with data streams. Below her, the sprawling megacity of Neo-Shanghai pulsed with life, its towers piercing the smog-filled sky. She had 48 hours to solve a murder that shouldn't have been possibleâ€”the victim was an AI."
"Explain the difference between","weather and climate","Weather refers to short-term atmospheric conditions in a specific place at a specific time (like today's temperature and rain). Climate refers to the long-term average patterns of weather in a region over many years (like a region being generally hot and dry). In simple terms: weather is what you experience day-to-day, climate is what you expect season-to-season."
"Provide pros and cons","remote work","Pros:\n- Flexibility in schedule and location\n- No commute time or costs\n- Better work-life balance\n- Increased productivity for some\n- Access to global job opportunities\n\nCons:\n- Potential isolation and loneliness\n- Difficulty separating work and personal life\n- Communication challenges\n- Reduced face-to-face collaboration\n- Home distractions"
